problem_id,problem,method,seed,evals,wall_time_s,repair_time_s
bbob-constrained_f001_i01_d05,f001_i01_d05,project,42,504,0.1083070000022417,0.05447319989616517
bbob-constrained_f001_i01_d05,f001_i01_d05,reject,42,504,0.08380429999670014,0.02922140010923613
bbob-constrained_f001_i01_d05,f001_i01_d05,penalty,42,504,0.06494170000951272,0.0003154998121317476
bbob-constrained_f001_i02_d05,f001_i02_d05,project,42,504,0.10173900000518188,0.04998539997905027
bbob-constrained_f001_i02_d05,f001_i02_d05,reject,42,504,0.08668729999044444,0.03134980009053834
bbob-constrained_f001_i02_d05,f001_i02_d05,penalty,42,504,0.06632120000722352,0.0003250996378483251
bbob-constrained_f001_i03_d05,f001_i03_d05,project,42,504,0.11754819999623578,0.05820970004424453
bbob-constrained_f001_i03_d05,f001_i03_d05,reject,42,504,0.11605340000824071,0.0411390999215655
bbob-constrained_f001_i03_d05,f001_i03_d05,penalty,42,504,0.06883100001141429,0.00033559997973497957
bbob-constrained_f002_i01_d05,f002_i01_d05,project,42,504,0.14818029999150895,0.09083140011352953
bbob-constrained_f002_i01_d05,f002_i01_d05,reject,42,504,0.2780233999947086,0.21686649997718632
bbob-constrained_f002_i01_d05,f002_i01_d05,penalty,42,504,0.06478610000340268,0.0003198000049451366
bbob-constrained_f002_i02_d05,f002_i02_d05,project,42,504,0.14690029999474064,0.09277710001333617
bbob-constrained_f002_i02_d05,f002_i02_d05,reject,42,504,0.3721274999988964,0.31064689993218053
bbob-constrained_f002_i02_d05,f002_i02_d05,penalty,42,504,0.06787300000723917,0.0003264999686507508
bbob-constrained_f002_i03_d05,f002_i03_d05,project,42,504,0.1499539999931585,0.09295409999322146
bbob-constrained_f002_i03_d05,f002_i03_d05,reject,42,504,1.1169717000011588,1.0230161999497795
bbob-constrained_f002_i03_d05,f002_i03_d05,penalty,42,504,0.06969150000077207,0.00034790004428941756
bbob-constrained_f003_i01_d05,f003_i01_d05,project,42,504,0.1527432000002591,0.09856229988508858
bbob-constrained_f003_i01_d05,f003_i01_d05,reject,42,504,1.9255885999882594,1.8368607999000233
bbob-constrained_f003_i01_d05,f003_i01_d05,penalty,42,504,0.07119779998902231,0.00034889995004050434
bbob-constrained_f003_i02_d05,f003_i02_d05,project,42,504,0.15026570000918582,0.0941785998584237
bbob-constrained_f003_i02_d05,f003_i02_d05,reject,42,504,4.248218199994881,4.000998999836156
bbob-constrained_f003_i02_d05,f003_i02_d05,penalty,42,504,0.08794519999355543,0.0004164999118074775
bbob-constrained_f003_i03_d05,f003_i03_d05,project,42,504,0.13879529999394435,0.07460330011963379
bbob-constrained_f003_i03_d05,f003_i03_d05,reject,42,504,1.3536159999930533,1.270814300092752
bbob-constrained_f003_i03_d05,f003_i03_d05,penalty,42,504,0.07158730000082869,0.0003731999167939648
bbob-constrained_f004_i01_d05,f004_i01_d05,project,42,504,0.15371080000477377,0.09556719986721873
bbob-constrained_f004_i01_d05,f004_i01_d05,reject,42,504,3.1642051999951946,3.0474853002815507
bbob-constrained_f004_i01_d05,f004_i01_d05,penalty,42,504,0.07229329999245238,0.0003494999837130308
bbob-constrained_f004_i02_d05,f004_i02_d05,project,42,504,0.14461500001198146,0.08650990013848059
bbob-constrained_f004_i02_d05,f004_i02_d05,reject,42,504,2.5562850999995135,2.4464303998829564
bbob-constrained_f004_i02_d05,f004_i02_d05,penalty,42,504,0.08170860000245739,0.000369299843441695
bbob-constrained_f004_i03_d05,f004_i03_d05,project,42,504,0.14939839999715332,0.0881556001259014
bbob-constrained_f004_i03_d05,f004_i03_d05,reject,42,504,2.038697799987858,1.9437264002335723
bbob-constrained_f004_i03_d05,f004_i03_d05,penalty,42,504,0.08862840000074357,0.00042639978346414864
bbob-constrained_f005_i01_d05,f005_i01_d05,project,42,504,0.156050999998115,0.09186880011111498
bbob-constrained_f005_i01_d05,f005_i01_d05,reject,42,504,2.2620483999926364,2.157222300185822
bbob-constrained_f005_i01_d05,f005_i01_d05,penalty,42,504,0.07605630000762176,0.0003641002986114472
bbob-constrained_f005_i02_d05,f005_i02_d05,project,42,504,0.17387659999076277,0.10756449998007156
bbob-constrained_f005_i02_d05,f005_i02_d05,reject,42,504,3.4169299000059254,3.3020978997374186
bbob-constrained_f005_i02_d05,f005_i02_d05,penalty,42,504,0.06975959999545012,0.0003118000167887658
bbob-constrained_f005_i03_d05,f005_i03_d05,project,42,504,0.15775579999899492,0.09601439991092775
bbob-constrained_f005_i03_d05,f005_i03_d05,reject,42,504,1.9421314999926835,1.8468032997625414
bbob-constrained_f005_i03_d05,f005_i03_d05,penalty,42,504,0.07365230000868905,0.000356699907570146
bbob-constrained_f006_i01_d05,f006_i01_d05,project,42,504,0.16651710000587627,0.10246950015425682
bbob-constrained_f006_i01_d05,f006_i01_d05,reject,42,504,3.284790800011251,3.1623199002206093
bbob-constrained_f006_i01_d05,f006_i01_d05,penalty,42,504,0.07795349998923484,0.00033999973675236106
bbob-constrained_f006_i02_d05,f006_i02_d05,project,42,504,0.1615029999957187,0.10286319990700576
bbob-constrained_f006_i02_d05,f006_i02_d05,reject,42,504,3.1697610999981407,3.0467314003326464
bbob-constrained_f006_i02_d05,f006_i02_d05,penalty,42,504,0.07995899999514222,0.00035139980900567025
bbob-constrained_f006_i03_d05,f006_i03_d05,project,42,504,0.19686320000619162,0.11899569997331128
bbob-constrained_f006_i03_d05,f006_i03_d05,reject,42,504,3.250853699995787,3.1265423998847837
bbob-constrained_f006_i03_d05,f006_i03_d05,penalty,42,504,0.082974999997532,0.0003461998712737113
bbob-constrained_f007_i01_d05,f007_i01_d05,project,42,504,0.11696010000014212,0.060158700187457725
bbob-constrained_f007_i01_d05,f007_i01_d05,reject,42,504,0.08712090000335593,0.031567100013489835
bbob-constrained_f007_i01_d05,f007_i01_d05,penalty,42,504,0.06642020000435878,0.00031909989775158465
bbob-constrained_f007_i02_d05,f007_i02_d05,project,42,504,0.1155919000011636,0.05914080013462808
bbob-constrained_f007_i02_d05,f007_i02_d05,reject,42,504,0.09967550000874326,0.03791179992549587
bbob-constrained_f007_i02_d05,f007_i02_d05,penalty,42,504,0.08461600000737235,0.0004203002026770264
bbob-constrained_f007_i03_d05,f007_i03_d05,project,42,504,0.13137299999652896,0.06624350002675783
bbob-constrained_f007_i03_d05,f007_i03_d05,reject,42,504,0.09891480000806041,0.03523100029269699
bbob-constrained_f007_i03_d05,f007_i03_d05,penalty,42,504,0.07870680000633001,0.0004320998123148456
bbob-constrained_f008_i01_d05,f008_i01_d05,project,42,504,0.1822035999939544,0.11010829990846105
bbob-constrained_f008_i01_d05,f008_i01_d05,reject,42,504,0.8406114999961574,0.7586373997619376
bbob-constrained_f008_i01_d05,f008_i01_d05,penalty,42,504,0.08374360000016168,0.0003558001480996609
bbob-constrained_f008_i02_d05,f008_i02_d05,project,42,504,0.18551460000162479,0.11240249992988538
bbob-constrained_f008_i02_d05,f008_i02_d05,reject,42,504,1.3821838000003481,1.292756799797644
bbob-constrained_f008_i02_d05,f008_i02_d05,penalty,42,504,0.07241600000998005,0.00034549976408015937
bbob-constrained_f008_i03_d05,f008_i03_d05,project,42,160,0.03543279999576043,0.017435900037526153
bbob-constrained_f008_i03_d05,f008_i03_d05,reject,42,504,0.8885555999877397,0.8110833001846913
bbob-constrained_f008_i03_d05,f008_i03_d05,penalty,42,504,0.07347879999724682,0.00038050000148359686
bbob-constrained_f009_i01_d05,f009_i01_d05,project,42,504,0.17222880000190344,0.10729199982597493
bbob-constrained_f009_i01_d05,f009_i01_d05,reject,42,504,3.7773540999914985,3.649809600072331
bbob-constrained_f009_i01_d05,f009_i01_d05,penalty,42,504,0.08363419999659527,0.00036419995012693107
bbob-constrained_f009_i02_d05,f009_i02_d05,project,42,40,0.011535299985553138,0.005969300065771677
bbob-constrained_f009_i02_d05,f009_i02_d05,reject,42,504,3.6454099000111455,3.512257700029295
bbob-constrained_f009_i02_d05,f009_i02_d05,penalty,42,504,0.078039500003797,0.00034889990638475865
bbob-constrained_f009_i03_d05,f009_i03_d05,project,42,504,0.17968269999255426,0.11490100021183025
bbob-constrained_f009_i03_d05,f009_i03_d05,reject,42,504,1.3064081000047736,1.217913300046348
bbob-constrained_f009_i03_d05,f009_i03_d05,penalty,42,504,0.07785460000741296,0.0003974998544435948
bbob-constrained_f010_i01_d05,f010_i01_d05,project,42,504,0.16668460000073537,0.10397190005460288
bbob-constrained_f010_i01_d05,f010_i01_d05,reject,42,504,3.630048600010923,3.4995198000542587
bbob-constrained_f010_i01_d05,f010_i01_d05,penalty,42,504,0.08812190000026021,0.0004045999376103282
bbob-constrained_f010_i02_d05,f010_i02_d05,project,42,504,0.19970500000636093,0.12236919997667428
bbob-constrained_f010_i02_d05,f010_i02_d05,reject,42,504,3.634155699997791,3.507264299696544
bbob-constrained_f010_i02_d05,f010_i02_d05,penalty,42,504,0.08225099999981467,0.0003797000535996631
bbob-constrained_f010_i03_d05,f010_i03_d05,project,42,56,0.01686669999617152,0.009820499981287867
bbob-constrained_f010_i03_d05,f010_i03_d05,reject,42,504,2.2346286000101827,2.1262622999056475
bbob-constrained_f010_i03_d05,f010_i03_d05,penalty,42,504,0.0767271999939112,0.0003903002943843603
bbob-constrained_f011_i01_d05,f011_i01_d05,project,42,40,0.012993700001970865,0.007027700048638508
bbob-constrained_f011_i01_d05,f011_i01_d05,reject,42,504,3.8777529999933904,3.73902719974285
bbob-constrained_f011_i01_d05,f011_i01_d05,penalty,42,504,0.08288099999481346,0.0003623997181421146
bbob-constrained_f011_i02_d05,f011_i02_d05,project,42,80,0.027225400001043454,0.015850700016017072
bbob-constrained_f011_i02_d05,f011_i02_d05,reject,42,504,3.4379930999857606,3.3094569001405034
bbob-constrained_f011_i02_d05,f011_i02_d05,penalty,42,504,0.08771920000435784,0.00037240014353301376
bbob-constrained_f011_i03_d05,f011_i03_d05,project,42,504,0.25679490000766236,0.17973130001337267
bbob-constrained_f011_i03_d05,f011_i03_d05,reject,42,504,1.7225265999877593,1.6269469999242574
bbob-constrained_f011_i03_d05,f011_i03_d05,penalty,42,504,0.07980969999334775,0.00037059991154819727
bbob-constrained_f012_i01_d05,f012_i01_d05,project,42,504,0.17003890000341926,0.10060300002805889
bbob-constrained_f012_i01_d05,f012_i01_d05,reject,42,504,3.195968800006085,3.0678744998876937
bbob-constrained_f012_i01_d05,f012_i01_d05,penalty,42,504,0.08847209998930339,0.0003744999849004671
bbob-constrained_f012_i02_d05,f012_i02_d05,project,42,232,0.0802148000075249,0.048975099925883114
bbob-constrained_f012_i02_d05,f012_i02_d05,reject,42,504,4.0345835000043735,3.897660200120299
bbob-constrained_f012_i02_d05,f012_i02_d05,penalty,42,504,0.08858229999896139,0.0003646000841399655
bbob-constrained_f012_i03_d05,f012_i03_d05,project,42,504,0.18512119998922572,0.11589809981524013
bbob-constrained_f012_i03_d05,f012_i03_d05,reject,42,504,4.343573899997864,4.177940300083719
bbob-constrained_f012_i03_d05,f012_i03_d05,penalty,42,504,0.08701439999276772,0.00036249999538995326
bbob-constrained_f013_i01_d05,f013_i01_d05,project,42,504,0.12994319999415893,0.06677210022462532
bbob-constrained_f013_i01_d05,f013_i01_d05,reject,42,504,0.0924040999962017,0.03403769969008863
bbob-constrained_f013_i01_d05,f013_i01_d05,penalty,42,504,0.07204039998759981,0.0003499997255858034
bbob-constrained_f013_i02_d05,f013_i02_d05,project,42,504,0.12102819999563508,0.06227590003982186
bbob-constrained_f013_i02_d05,f013_i02_d05,reject,42,504,0.0966362999897683,0.037532400150666945
bbob-constrained_f013_i02_d05,f013_i02_d05,penalty,42,504,0.07139349999488331,0.0003559001488611102
bbob-constrained_f013_i03_d05,f013_i03_d05,project,42,504,0.13062039999931585,0.06867420001071878
bbob-constrained_f013_i03_d05,f013_i03_d05,reject,42,504,0.11871719999180641,0.04438379989005625
bbob-constrained_f013_i03_d05,f013_i03_d05,penalty,42,504,0.08240729999670293,0.0003785997541854158
bbob-constrained_f014_i01_d05,f014_i01_d05,project,42,504,0.15783389999705832,0.09554230007051956
bbob-constrained_f014_i01_d05,f014_i01_d05,reject,42,504,1.0262167000037152,0.9295964999473654
bbob-constrained_f014_i01_d05,f014_i01_d05,penalty,42,504,0.08097690000431612,0.0004043998778797686
bbob-constrained_f014_i02_d05,f014_i02_d05,project,42,504,0.17414420000568498,0.10767919999489095
bbob-constrained_f014_i02_d05,f014_i02_d05,reject,42,504,0.4044982000050368,0.33220739987154957
bbob-constrained_f014_i02_d05,f014_i02_d05,penalty,42,504,0.08013039999059401,0.00037109997356310487
bbob-constrained_f014_i03_d05,f014_i03_d05,project,42,400,0.13801199999579694,0.08345139997254591
bbob-constrained_f014_i03_d05,f014_i03_d05,reject,42,504,1.4797345999977551,1.385417499957839
bbob-constrained_f014_i03_d05,f014_i03_d05,penalty,42,504,0.08572189998812973,0.0003876999981002882
bbob-constrained_f015_i01_d05,f015_i01_d05,project,42,504,0.18941979999362957,0.11963699996704236
bbob-constrained_f015_i01_d05,f015_i01_d05,reject,42,504,2.9186275000101887,2.7933670000347774
bbob-constrained_f015_i01_d05,f015_i01_d05,penalty,42,504,0.07665560000168625,0.00035980012034997344
bbob-constrained_f015_i02_d05,f015_i02_d05,project,42,504,0.15552230000321288,0.09398729995882604
bbob-constrained_f015_i02_d05,f015_i02_d05,reject,42,504,1.069636799991713,0.9842899999930523
bbob-constrained_f015_i02_d05,f015_i02_d05,penalty,42,504,0.07395089999772608,0.000355300260707736
bbob-constrained_f015_i03_d05,f015_i03_d05,project,42,504,0.16972679999889806,0.10816130015882663
bbob-constrained_f015_i03_d05,f015_i03_d05,reject,42,504,0.9436137000011513,0.8579030997934751
bbob-constrained_f015_i03_d05,f015_i03_d05,penalty,42,504,0.07504080000217073,0.0003586001257644966
bbob-constrained_f016_i01_d05,f016_i01_d05,project,42,504,0.1709911999932956,0.10751379985595122
bbob-constrained_f016_i01_d05,f016_i01_d05,reject,42,504,2.8459847000049194,2.724301599926548
bbob-constrained_f016_i01_d05,f016_i01_d05,penalty,42,504,0.07505719999608118,0.00034749995393212885
bbob-constrained_f016_i02_d05,f016_i02_d05,project,42,504,0.14933770000061486,0.08923259994480759
bbob-constrained_f016_i02_d05,f016_i02_d05,reject,42,504,2.8113126999960514,2.6922702000738354
bbob-constrained_f016_i02_d05,f016_i02_d05,penalty,42,504,0.08242099999915808,0.00037519997567869723
bbob-constrained_f016_i03_d05,f016_i03_d05,project,42,504,0.1694576000008965,0.10756260027119424
bbob-constrained_f016_i03_d05,f016_i03_d05,reject,42,504,2.8878439999971306,2.770233399933204
bbob-constrained_f016_i03_d05,f016_i03_d05,penalty,42,504,0.07374350000463892,0.0003473001270322129
bbob-constrained_f017_i01_d05,f017_i01_d05,project,42,504,0.16994870000053197,0.100985299970489
bbob-constrained_f017_i01_d05,f017_i01_d05,reject,42,504,1.3827298999967752,1.2967491997405887
bbob-constrained_f017_i01_d05,f017_i01_d05,penalty,42,504,0.08112139999866486,0.0003804000443778932
bbob-constrained_f017_i02_d05,f017_i02_d05,project,42,504,0.17016069999954198,0.10545729991281405
bbob-constrained_f017_i02_d05,f017_i02_d05,reject,42,504,2.948258499993244,2.824122799982433
bbob-constrained_f017_i02_d05,f017_i02_d05,penalty,42,504,0.08084009999583941,0.0003696000203490257
bbob-constrained_f017_i03_d05,f017_i03_d05,project,42,504,0.17209959999308921,0.11208590024034493
bbob-constrained_f017_i03_d05,f017_i03_d05,reject,42,504,0.8450173000019277,0.7687284998683026
bbob-constrained_f017_i03_d05,f017_i03_d05,penalty,42,504,0.07531369999924209,0.00035190011840313673
bbob-constrained_f018_i01_d05,f018_i01_d05,project,42,504,0.181935100001283,0.1099447998276446
bbob-constrained_f018_i01_d05,f018_i01_d05,reject,42,504,2.9728418000013335,2.8492645001388155
bbob-constrained_f018_i01_d05,f018_i01_d05,penalty,42,504,0.07914329999766778,0.0003623000666266307
bbob-constrained_f018_i02_d05,f018_i02_d05,project,42,504,0.16109060001326725,0.09602769996854477
bbob-constrained_f018_i02_d05,f018_i02_d05,reject,42,504,2.9063460000033956,2.7768165999441408
bbob-constrained_f018_i02_d05,f018_i02_d05,penalty,42,504,0.08046649998868816,0.0003686998679768294
bbob-constrained_f018_i03_d05,f018_i03_d05,project,42,504,0.16490810000686906,0.09723599994322285
bbob-constrained_f018_i03_d05,f018_i03_d05,reject,42,504,2.8820120000018505,2.760240599993267
bbob-constrained_f018_i03_d05,f018_i03_d05,penalty,42,504,0.07980259999749251,0.00037189992144703865
bbob-constrained_f019_i01_d05,f019_i01_d05,project,42,504,0.12872190000780392,0.0675147001456935
bbob-constrained_f019_i01_d05,f019_i01_d05,reject,42,504,0.09112119999190327,0.03304829997068737
bbob-constrained_f019_i01_d05,f019_i01_d05,penalty,42,504,0.08420399999886286,0.00037979982153046876
bbob-constrained_f019_i02_d05,f019_i02_d05,project,42,208,0.04104900000675116,0.0150287000433309
bbob-constrained_f019_i02_d05,f019_i02_d05,reject,42,504,0.10279119999904651,0.04416249998030253
bbob-constrained_f019_i02_d05,f019_i02_d05,penalty,42,504,0.07591459999093786,0.00035739995655603707
bbob-constrained_f019_i03_d05,f019_i03_d05,project,42,168,0.029932599994936027,0.009614099995815195
bbob-constrained_f019_i03_d05,f019_i03_d05,reject,42,504,0.09228760001133196,0.032022300249082036
bbob-constrained_f019_i03_d05,f019_i03_d05,penalty,42,504,0.07068420000723563,0.0003428000054555014
bbob-constrained_f020_i01_d05,f020_i01_d05,project,42,504,0.193007599998964,0.12180969992186874
bbob-constrained_f020_i01_d05,f020_i01_d05,reject,42,504,1.0642430000007153,0.9837844996218337
bbob-constrained_f020_i01_d05,f020_i01_d05,penalty,42,504,0.07314929999120068,0.00035469992144498974
bbob-constrained_f020_i02_d05,f020_i02_d05,project,42,272,0.05543940000643488,0.023086800021701492
bbob-constrained_f020_i02_d05,f020_i02_d05,reject,42,504,0.10699449999083299,0.044329500015010126
bbob-constrained_f020_i02_d05,f020_i02_d05,penalty,42,504,0.07517840000218712,0.00036260018532630056
bbob-constrained_f020_i03_d05,f020_i03_d05,project,42,504,0.15588839999691118,0.09282029981841333
bbob-constrained_f020_i03_d05,f020_i03_d05,reject,42,504,0.2557039999956032,0.18825760012259707
bbob-constrained_f020_i03_d05,f020_i03_d05,penalty,42,504,0.082623300011619,0.0003742997068911791
bbob-constrained_f021_i01_d05,f021_i01_d05,project,42,384,0.1026999000023352,0.056446599919581786
bbob-constrained_f021_i01_d05,f021_i01_d05,reject,42,504,3.7481561999884434,3.6225067001068965
bbob-constrained_f021_i01_d05,f021_i01_d05,penalty,42,504,0.07543119999172632,0.0003487999929348007
bbob-constrained_f021_i02_d05,f021_i02_d05,project,42,504,0.19034110000939108,0.11802950015407987
bbob-constrained_f021_i02_d05,f021_i02_d05,reject,42,504,1.160726500005694,1.0776780999003677
bbob-constrained_f021_i02_d05,f021_i02_d05,penalty,42,504,0.07599309999204706,0.0003462997847236693
bbob-constrained_f021_i03_d05,f021_i03_d05,project,42,504,0.16272269999899436,0.09723979984119069
bbob-constrained_f021_i03_d05,f021_i03_d05,reject,42,504,2.415023599998676,2.307112899943604
bbob-constrained_f021_i03_d05,f021_i03_d05,penalty,42,504,0.07895019999705255,0.00040720000106375664
bbob-constrained_f022_i01_d05,f022_i01_d05,project,42,504,0.17529159999685362,0.11045949987601489
bbob-constrained_f022_i01_d05,f022_i01_d05,reject,42,504,3.482648999997764,3.3595374999713385
bbob-constrained_f022_i01_d05,f022_i01_d05,penalty,42,504,0.07766629999969155,0.0003467000206001103
bbob-constrained_f022_i02_d05,f022_i02_d05,project,42,504,0.17960580000362825,0.10974549989623483
bbob-constrained_f022_i02_d05,f022_i02_d05,reject,42,504,3.241024100003415,3.1238243001134833
bbob-constrained_f022_i02_d05,f022_i02_d05,penalty,42,504,0.07974530001229141,0.00035920008667744696
bbob-constrained_f022_i03_d05,f022_i03_d05,project,42,504,0.17432459999690764,0.1135618998814607
bbob-constrained_f022_i03_d05,f022_i03_d05,reject,42,504,3.322166099998867,3.2018388998840237
bbob-constrained_f022_i03_d05,f022_i03_d05,penalty,42,504,0.07442410000658128,0.00034440010495018214
bbob-constrained_f023_i01_d05,f023_i01_d05,project,42,504,0.14713829998800065,0.0872893002233468
bbob-constrained_f023_i01_d05,f023_i01_d05,reject,42,504,3.0705970999988494,2.9539170000934973
bbob-constrained_f023_i01_d05,f023_i01_d05,penalty,42,504,0.07062589999986812,0.0003216999029973522
bbob-constrained_f023_i02_d05,f023_i02_d05,project,42,168,0.05477539999992587,0.03446350002195686
bbob-constrained_f023_i02_d05,f023_i02_d05,reject,42,504,2.5355336000066018,2.431788899906678
bbob-constrained_f023_i02_d05,f023_i02_d05,penalty,42,504,0.07040909999341238,0.0003178001206833869
bbob-constrained_f023_i03_d05,f023_i03_d05,project,42,208,0.0634083000040846,0.04080490011256188
bbob-constrained_f023_i03_d05,f023_i03_d05,reject,42,504,0.21946870000101626,0.15660839977499563
bbob-constrained_f023_i03_d05,f023_i03_d05,penalty,42,504,0.09778009999718051,0.0003724999842233956
bbob-constrained_f024_i01_d05,f024_i01_d05,project,42,504,0.18554320000112057,0.1158469999791123
bbob-constrained_f024_i01_d05,f024_i01_d05,reject,42,504,3.4849284999945667,3.3559954000957077
bbob-constrained_f024_i01_d05,f024_i01_d05,penalty,42,504,0.0805477000103565,0.00034839990257751197
bbob-constrained_f024_i02_d05,f024_i02_d05,project,42,504,0.1704563999956008,0.10732559999451041
bbob-constrained_f024_i02_d05,f024_i02_d05,reject,42,504,3.4690101000014693,3.345225200027926
bbob-constrained_f024_i02_d05,f024_i02_d05,penalty,42,504,0.08187129998987075,0.00034469985985197127
bbob-constrained_f024_i03_d05,f024_i03_d05,project,42,504,0.17754910000076052,0.10584869973536115
bbob-constrained_f024_i03_d05,f024_i03_d05,reject,42,504,3.4619052999914857,3.334242799814092
bbob-constrained_f024_i03_d05,f024_i03_d05,penalty,42,504,0.07964349999383558,0.0003439001156948507
bbob-constrained_f025_i01_d05,f025_i01_d05,project,42,504,0.1214445999939926,0.06255839984805789
bbob-constrained_f025_i01_d05,f025_i01_d05,reject,42,504,0.10906960000284016,0.05083620011282619
bbob-constrained_f025_i01_d05,f025_i01_d05,penalty,42,504,0.06970670000009704,0.0003322998818475753
bbob-constrained_f025_i02_d05,f025_i02_d05,project,42,224,0.041748600007849745,0.016626599899609573
bbob-constrained_f025_i02_d05,f025_i02_d05,reject,42,504,0.10982640000293031,0.05215630006568972
bbob-constrained_f025_i02_d05,f025_i02_d05,penalty,42,504,0.0673160000005737,0.0003361000999575481
bbob-constrained_f025_i03_d05,f025_i03_d05,project,42,504,0.11981319999904372,0.06258589978097007
bbob-constrained_f025_i03_d05,f025_i03_d05,reject,42,504,0.0960264999885112,0.035919199988711625
bbob-constrained_f025_i03_d05,f025_i03_d05,penalty,42,504,0.07139709999319166,0.00035879995266441256
bbob-constrained_f026_i01_d05,f026_i01_d05,project,42,504,0.1239759000018239,0.06544330010365229
bbob-constrained_f026_i01_d05,f026_i01_d05,reject,42,504,0.2859677000087686,0.21730669993849006
bbob-constrained_f026_i01_d05,f026_i01_d05,penalty,42,504,0.07401979999849573,0.00034970005799550563
bbob-constrained_f026_i02_d05,f026_i02_d05,project,42,56,0.013587099994765595,0.007564799961983226
bbob-constrained_f026_i02_d05,f026_i02_d05,reject,42,504,1.19016849999025,1.112368900096044
bbob-constrained_f026_i02_d05,f026_i02_d05,penalty,42,504,0.07083189999684691,0.00034709993633441627
bbob-constrained_f026_i03_d05,f026_i03_d05,project,42,504,0.12449810000543948,0.06782619989826344
bbob-constrained_f026_i03_d05,f026_i03_d05,reject,42,504,0.13596900000993628,0.0778174998704344
bbob-constrained_f026_i03_d05,f026_i03_d05,penalty,42,504,0.07441689999541268,0.00036399991950020194
bbob-constrained_f027_i01_d05,f027_i01_d05,project,42,504,0.14976559999922756,0.0889499998302199
bbob-constrained_f027_i01_d05,f027_i01_d05,reject,42,504,1.3020924000011291,1.214132799883373
bbob-constrained_f027_i01_d05,f027_i01_d05,penalty,42,504,0.07712719999835826,0.0003504000051179901
bbob-constrained_f027_i02_d05,f027_i02_d05,project,42,504,0.14762679999694228,0.08389610002632253
bbob-constrained_f027_i02_d05,f027_i02_d05,reject,42,504,1.249742400003015,1.1654550000530435
bbob-constrained_f027_i02_d05,f027_i02_d05,penalty,42,504,0.07657069999550004,0.0003600997442845255
bbob-constrained_f027_i03_d05,f027_i03_d05,project,42,144,0.04885580000700429,0.031052099977387115
bbob-constrained_f027_i03_d05,f027_i03_d05,reject,42,504,3.4616348999988986,3.3245327001495752
bbob-constrained_f027_i03_d05,f027_i03_d05,penalty,42,504,0.07279500000004191,0.000333800126099959
bbob-constrained_f028_i01_d05,f028_i01_d05,project,42,504,0.16190209999331273,0.10221700015245005
bbob-constrained_f028_i01_d05,f028_i01_d05,reject,42,504,3.371886299995822,3.2537256001814967
bbob-constrained_f028_i01_d05,f028_i01_d05,penalty,42,504,0.08006229999591596,0.0003361999988555908
bbob-constrained_f028_i02_d05,f028_i02_d05,project,42,504,0.14787810000416357,0.08689779993437696
bbob-constrained_f028_i02_d05,f028_i02_d05,reject,42,504,0.40713680000044405,0.3417647001624573
bbob-constrained_f028_i02_d05,f028_i02_d05,penalty,42,504,0.07302660000277683,0.0003454998950473964
bbob-constrained_f028_i03_d05,f028_i03_d05,project,42,144,0.04396650000126101,0.028423299969290383
bbob-constrained_f028_i03_d05,f028_i03_d05,reject,42,504,1.9786991000000853,1.8817151001858292
bbob-constrained_f028_i03_d05,f028_i03_d05,penalty,42,504,0.07171889999881387,0.0003300998796476051
bbob-constrained_f029_i01_d05,f029_i01_d05,project,42,504,0.15488030000415165,0.09605429992370773
bbob-constrained_f029_i01_d05,f029_i01_d05,reject,42,504,3.379541300004348,3.259309099856182
bbob-constrained_f029_i01_d05,f029_i01_d05,penalty,42,504,0.0861045999918133,0.00039409978489857167
bbob-constrained_f029_i02_d05,f029_i02_d05,project,42,504,0.14649299999291543,0.08278079998854082
bbob-constrained_f029_i02_d05,f029_i02_d05,reject,42,504,0.3598480000073323,0.2830377999052871
bbob-constrained_f029_i02_d05,f029_i02_d05,penalty,42,504,0.07714720000512898,0.0003669002471724525
bbob-constrained_f029_i03_d05,f029_i03_d05,project,42,48,0.014299100002972409,0.008423099992796779
bbob-constrained_f029_i03_d05,f029_i03_d05,reject,42,504,3.380915700006881,3.257876099902205
bbob-constrained_f029_i03_d05,f029_i03_d05,penalty,42,504,0.07642029999988154,0.00035290005325805396
bbob-constrained_f030_i01_d05,f030_i01_d05,project,42,504,0.17311400000471622,0.10919160023331642
bbob-constrained_f030_i01_d05,f030_i01_d05,reject,42,504,3.6793155999912415,3.5455201999429846
bbob-constrained_f030_i01_d05,f030_i01_d05,penalty,42,504,0.12362059998849872,0.0004235998640069738
bbob-constrained_f030_i02_d05,f030_i02_d05,project,42,504,0.2002059999940684,0.11932389985304326
bbob-constrained_f030_i02_d05,f030_i02_d05,reject,42,504,3.7897224000043934,3.6535863002500264
bbob-constrained_f030_i02_d05,f030_i02_d05,penalty,42,504,0.08820870000636205,0.0003727000002982095
bbob-constrained_f030_i03_d05,f030_i03_d05,project,42,504,0.17024839999794494,0.10151010000845417
bbob-constrained_f030_i03_d05,f030_i03_d05,reject,42,504,3.8520199000049615,3.719701900103246
bbob-constrained_f030_i03_d05,f030_i03_d05,penalty,42,504,0.09262959999614395,0.00037830002838745713
bbob-constrained_f031_i01_d05,f031_i01_d05,project,42,504,0.13514369999757037,0.06738820012833457
bbob-constrained_f031_i01_d05,f031_i01_d05,reject,42,504,0.09675219999917317,0.033824799829744734
bbob-constrained_f031_i01_d05,f031_i01_d05,penalty,42,504,0.07172290000016801,0.00034989992855116725
bbob-constrained_f031_i02_d05,f031_i02_d05,project,42,504,0.11975420000089798,0.060763700123061426
bbob-constrained_f031_i02_d05,f031_i02_d05,reject,42,504,0.08715040000970475,0.02725630035274662
bbob-constrained_f031_i02_d05,f031_i02_d05,penalty,42,504,0.07498479999776464,0.0003725000860868022
bbob-constrained_f031_i03_d05,f031_i03_d05,project,42,504,0.12736489999224432,0.06166030003805645
bbob-constrained_f031_i03_d05,f031_i03_d05,reject,42,504,0.1001951999933226,0.03684949981106911
bbob-constrained_f031_i03_d05,f031_i03_d05,penalty,42,504,0.07106529999873601,0.0003412000078242272
bbob-constrained_f032_i01_d05,f032_i01_d05,project,42,504,0.15212160001101438,0.08689890004461631
bbob-constrained_f032_i01_d05,f032_i01_d05,reject,42,504,0.3741027999931248,0.30186769977444783
bbob-constrained_f032_i01_d05,f032_i01_d05,penalty,42,504,0.07425540000258479,0.0003550998371792957
bbob-constrained_f032_i02_d05,f032_i02_d05,project,42,504,0.11420470000302885,0.0548958997533191
bbob-constrained_f032_i02_d05,f032_i02_d05,reject,42,504,0.12867249999544583,0.06814380035211798
bbob-constrained_f032_i02_d05,f032_i02_d05,penalty,42,504,0.07958090001193341,0.0003574998554540798
bbob-constrained_f032_i03_d05,f032_i03_d05,project,42,504,0.14208269999653567,0.0806796000833856
bbob-constrained_f032_i03_d05,f032_i03_d05,reject,42,504,0.09696329999133013,0.03418099996633828
bbob-constrained_f032_i03_d05,f032_i03_d05,penalty,42,504,0.07530299999052659,0.00037540006451308727
bbob-constrained_f033_i01_d05,f033_i01_d05,project,42,504,0.14662529999623075,0.08591779976268299
bbob-constrained_f033_i01_d05,f033_i01_d05,reject,42,504,1.3321916999993846,1.2451729999156669
bbob-constrained_f033_i01_d05,f033_i01_d05,penalty,42,504,0.0745833999972092,0.00036039971746504307
bbob-constrained_f033_i02_d05,f033_i02_d05,project,42,504,0.19470449999789707,0.1218745999794919
bbob-constrained_f033_i02_d05,f033_i02_d05,reject,42,504,1.663669099987601,1.558548800108838
bbob-constrained_f033_i02_d05,f033_i02_d05,penalty,42,504,0.07698460000392515,0.00035650010977406055
bbob-constrained_f033_i03_d05,f033_i03_d05,project,42,504,0.15119979999144562,0.0894245999515988
bbob-constrained_f033_i03_d05,f033_i03_d05,reject,42,504,2.021433000001707,1.9224139999423642
bbob-constrained_f033_i03_d05,f033_i03_d05,penalty,42,504,0.07704440000816248,0.00036959997669328004
bbob-constrained_f034_i01_d05,f034_i01_d05,project,42,504,0.14456879999488592,0.08181929984129965
bbob-constrained_f034_i01_d05,f034_i01_d05,reject,42,504,0.7113195999991149,0.6336630999139743
bbob-constrained_f034_i01_d05,f034_i01_d05,penalty,42,504,0.0759987000055844,0.0003604997618822381
bbob-constrained_f034_i02_d05,f034_i02_d05,project,42,504,0.1553222999937134,0.09176269978343043
bbob-constrained_f034_i02_d05,f034_i02_d05,reject,42,504,1.6560547999979462,1.5607607002166333
bbob-constrained_f034_i02_d05,f034_i02_d05,penalty,42,504,0.0797249000024749,0.0003842000005533919
bbob-constrained_f034_i03_d05,f034_i03_d05,project,42,504,0.166813000003458,0.09796499970252626
bbob-constrained_f034_i03_d05,f034_i03_d05,reject,42,504,3.59200819999387,3.4625543999572983
bbob-constrained_f034_i03_d05,f034_i03_d05,penalty,42,504,0.07305440001073293,0.00034589972347021103
bbob-constrained_f035_i01_d05,f035_i01_d05,project,42,504,0.14754780000657775,0.09065909995115362
bbob-constrained_f035_i01_d05,f035_i01_d05,reject,42,504,3.532021699997131,3.4080753999442095
bbob-constrained_f035_i01_d05,f035_i01_d05,penalty,42,504,0.07355339999776334,0.00033900006383191794
bbob-constrained_f035_i02_d05,f035_i02_d05,project,42,504,0.163809499994386,0.10152470000321046
bbob-constrained_f035_i02_d05,f035_i02_d05,reject,42,504,1.839344499996514,1.7457796000235248
bbob-constrained_f035_i02_d05,f035_i02_d05,penalty,42,504,0.07861750001029577,0.0003547998203430325
bbob-constrained_f035_i03_d05,f035_i03_d05,project,42,504,0.16833109999424778,0.10098499974992592
bbob-constrained_f035_i03_d05,f035_i03_d05,reject,42,504,1.4844480999890948,1.3909916001139209
bbob-constrained_f035_i03_d05,f035_i03_d05,penalty,42,504,0.21445200000016484,0.0006993000861257315
bbob-constrained_f036_i01_d05,f036_i01_d05,project,42,504,0.1906069000106072,0.1196702998568071
bbob-constrained_f036_i01_d05,f036_i01_d05,reject,42,504,3.8182839000073727,3.682890700249118
bbob-constrained_f036_i01_d05,f036_i01_d05,penalty,42,504,0.077429500001017,0.0003454000980127603
bbob-constrained_f036_i02_d05,f036_i02_d05,project,42,504,0.1691226000111783,0.10938000005262438
bbob-constrained_f036_i02_d05,f036_i02_d05,reject,42,504,3.030913700000383,2.906390199830639
bbob-constrained_f036_i02_d05,f036_i02_d05,penalty,42,504,0.07915299999876879,0.00035190003109164536
bbob-constrained_f036_i03_d05,f036_i03_d05,project,42,504,0.16389539999363478,0.10175890011305455
bbob-constrained_f036_i03_d05,f036_i03_d05,reject,42,504,3.5979091999906814,3.4733707000414142
bbob-constrained_f036_i03_d05,f036_i03_d05,penalty,42,504,0.07646579999709502,0.0003477000427665189
bbob-constrained_f037_i01_d05,f037_i01_d05,project,42,504,0.11016130000643898,0.05370500004210044
bbob-constrained_f037_i01_d05,f037_i01_d05,reject,42,504,0.08206390000123065,0.02559269985067658
bbob-constrained_f037_i01_d05,f037_i01_d05,penalty,42,504,0.07369439999456517,0.0003913000546162948
bbob-constrained_f037_i02_d05,f037_i02_d05,project,42,504,0.12671620000037365,0.05612450027547311
bbob-constrained_f037_i02_d05,f037_i02_d05,reject,42,504,0.10428599998704158,0.03314730008423794
bbob-constrained_f037_i02_d05,f037_i02_d05,penalty,42,504,0.07883460000448395,0.00037219980731606483
bbob-constrained_f037_i03_d05,f037_i03_d05,project,42,504,0.12259780000022147,0.056146700197132304
bbob-constrained_f037_i03_d05,f037_i03_d05,reject,42,504,0.08782929999870248,0.023405500018270686
bbob-constrained_f037_i03_d05,f037_i03_d05,penalty,42,504,0.0688257000001613,0.0003532998089212924
bbob-constrained_f038_i01_d05,f038_i01_d05,project,42,504,0.15449630000512116,0.09409230000164825
bbob-constrained_f038_i01_d05,f038_i01_d05,reject,42,504,1.4574929999944288,1.3734594001434743
bbob-constrained_f038_i01_d05,f038_i01_d05,penalty,42,504,0.07064489999902435,0.00035780011967290193
bbob-constrained_f038_i02_d05,f038_i02_d05,project,42,504,0.13771270000142977,0.07926609998685308
bbob-constrained_f038_i02_d05,f038_i02_d05,reject,42,504,0.11325799999758601,0.055428999781725
bbob-constrained_f038_i02_d05,f038_i02_d05,penalty,42,504,0.06658699999388773,0.0003377000102773309
bbob-constrained_f038_i03_d05,f038_i03_d05,project,42,504,0.10837779998837505,0.05498650000663474
bbob-constrained_f038_i03_d05,f038_i03_d05,reject,42,504,0.11832810001214966,0.061079699924448505
bbob-constrained_f038_i03_d05,f038_i03_d05,penalty,42,504,0.0651133000064874,0.00033090020588133484
bbob-constrained_f039_i01_d05,f039_i01_d05,project,42,504,0.15436899999622256,0.09796640017884783
bbob-constrained_f039_i01_d05,f039_i01_d05,reject,42,504,1.745526200000313,1.651561200254946
bbob-constrained_f039_i01_d05,f039_i01_d05,penalty,42,504,0.07210150000173599,0.0003466000052867457
bbob-constrained_f039_i02_d05,f039_i02_d05,project,42,504,0.16478429999551736,0.10471209994284436
bbob-constrained_f039_i02_d05,f039_i02_d05,reject,42,504,1.4809427000000142,1.3962533999729203
bbob-constrained_f039_i02_d05,f039_i02_d05,penalty,42,504,0.085067899999558,0.00037849985528737307
bbob-constrained_f039_i03_d05,f039_i03_d05,project,42,504,0.15366489998996258,0.08755320012278389
bbob-constrained_f039_i03_d05,f039_i03_d05,reject,42,504,0.17869590000191238,0.11319400010688696
bbob-constrained_f039_i03_d05,f039_i03_d05,penalty,42,504,0.06808769999770448,0.00032709992956370115
bbob-constrained_f040_i01_d05,f040_i01_d05,project,42,504,0.14184420001402032,0.0860393999464577
bbob-constrained_f040_i01_d05,f040_i01_d05,reject,42,504,1.5568585000000894,1.4727406002639327
bbob-constrained_f040_i01_d05,f040_i01_d05,penalty,42,504,0.06941959999676328,0.00033119985891971737
bbob-constrained_f040_i02_d05,f040_i02_d05,project,42,504,0.15278499999840278,0.08979729986458551
bbob-constrained_f040_i02_d05,f040_i02_d05,reject,42,504,1.3263937000010628,1.243978100203094
bbob-constrained_f040_i02_d05,f040_i02_d05,penalty,42,504,0.07248170000093523,0.0003568999527487904
bbob-constrained_f040_i03_d05,f040_i03_d05,project,42,504,0.14161310000054073,0.08447100031480659
bbob-constrained_f040_i03_d05,f040_i03_d05,reject,42,504,0.7259648000035668,0.654413900047075
bbob-constrained_f040_i03_d05,f040_i03_d05,penalty,42,504,0.07268729999486823,0.0003502999315969646
bbob-constrained_f041_i01_d05,f041_i01_d05,project,42,504,0.15772119999746792,0.09793100011302158
bbob-constrained_f041_i01_d05,f041_i01_d05,reject,42,504,1.8963106000010157,1.8028151997714303
bbob-constrained_f041_i01_d05,f041_i01_d05,penalty,42,504,0.07299849999253638,0.00034679991949815303
bbob-constrained_f041_i02_d05,f041_i02_d05,project,42,504,0.14529290000791661,0.08645729991258122
bbob-constrained_f041_i02_d05,f041_i02_d05,reject,42,504,2.0096504999964964,1.9155923998041544
bbob-constrained_f041_i02_d05,f041_i02_d05,penalty,42,504,0.07470239998656325,0.0003545000945450738
bbob-constrained_f041_i03_d05,f041_i03_d05,project,42,504,0.15166689999750815,0.09317019997979514
bbob-constrained_f041_i03_d05,f041_i03_d05,reject,42,504,1.1121354999922914,1.0320962998521281
bbob-constrained_f041_i03_d05,f041_i03_d05,penalty,42,504,0.072535200000857,0.00035209988709539175
bbob-constrained_f042_i01_d05,f042_i01_d05,project,42,504,0.16028719999303576,0.10086050003883429
bbob-constrained_f042_i01_d05,f042_i01_d05,reject,42,504,2.56151869999303,2.455504599856795
bbob-constrained_f042_i01_d05,f042_i01_d05,penalty,42,504,0.08103849999315571,0.00037289984175004065
bbob-constrained_f042_i02_d05,f042_i02_d05,project,42,504,0.1589045000000624,0.09301680015050806
bbob-constrained_f042_i02_d05,f042_i02_d05,reject,42,504,2.5724010999983875,2.4623341998812975
bbob-constrained_f042_i02_d05,f042_i02_d05,penalty,42,504,0.07872790000692476,0.0003622998046921566
bbob-constrained_f042_i03_d05,f042_i03_d05,project,42,504,0.16359250000095926,0.1017184000229463
bbob-constrained_f042_i03_d05,f042_i03_d05,reject,42,504,2.8208980000054,2.7116866998112528
bbob-constrained_f042_i03_d05,f042_i03_d05,penalty,42,504,0.0802685999951791,0.00036059983540326357
bbob-constrained_f043_i01_d05,f043_i01_d05,project,42,504,0.0808112000086112,0.024604100079159252
bbob-constrained_f043_i01_d05,f043_i01_d05,reject,42,504,0.07711309999285731,0.019532000020262785
bbob-constrained_f043_i01_d05,f043_i01_d05,penalty,42,504,0.06683450000127777,0.0003305002610431984
bbob-constrained_f043_i02_d05,f043_i02_d05,project,42,504,0.0939856999902986,0.034068899825797416
bbob-constrained_f043_i02_d05,f043_i02_d05,reject,42,504,0.07541800000763033,0.01840450003510341
bbob-constrained_f043_i02_d05,f043_i02_d05,penalty,42,504,0.07019169999693986,0.0003595000598579645
bbob-constrained_f043_i03_d05,f043_i03_d05,project,42,504,0.11343009999836795,0.055822100141085684
bbob-constrained_f043_i03_d05,f043_i03_d05,reject,42,504,0.07529849999991711,0.016525500162970275
bbob-constrained_f043_i03_d05,f043_i03_d05,penalty,42,504,0.06917600000451785,0.000340500075253658
bbob-constrained_f044_i01_d05,f044_i01_d05,project,42,504,0.08029850000457373,0.022148399948491715
bbob-constrained_f044_i01_d05,f044_i01_d05,reject,42,504,0.08475509998970665,0.0253276998992078
bbob-constrained_f044_i01_d05,f044_i01_d05,penalty,42,504,0.06751829999848269,0.000333299845806323
bbob-constrained_f044_i02_d05,f044_i02_d05,project,42,504,0.08503930000006221,0.024911199900088832
bbob-constrained_f044_i02_d05,f044_i02_d05,reject,42,504,0.11247010000806767,0.03868779972253833
bbob-constrained_f044_i02_d05,f044_i02_d05,penalty,42,504,0.07747640000889078,0.0003845002065645531
bbob-constrained_f044_i03_d05,f044_i03_d05,project,42,504,0.16323810000903904,0.07761190009478014
bbob-constrained_f044_i03_d05,f044_i03_d05,reject,42,504,0.25409070000750944,0.18309019990556408
bbob-constrained_f044_i03_d05,f044_i03_d05,penalty,42,504,0.0757175000035204,0.0003521999024087563
bbob-constrained_f045_i01_d05,f045_i01_d05,project,42,504,0.12236720000510104,0.05522900016512722
bbob-constrained_f045_i01_d05,f045_i01_d05,reject,42,504,0.17883280001115054,0.114133899929584
bbob-constrained_f045_i01_d05,f045_i01_d05,penalty,42,504,0.0781386000016937,0.00035740000021178275
bbob-constrained_f045_i02_d05,f045_i02_d05,project,42,504,0.11510030001227278,0.05351500005053822
bbob-constrained_f045_i02_d05,f045_i02_d05,reject,42,504,0.10529110000061337,0.041696299842442386
bbob-constrained_f045_i02_d05,f045_i02_d05,penalty,42,504,0.0709810000116704,0.0003412000951357186
bbob-constrained_f045_i03_d05,f045_i03_d05,project,42,504,0.13179690000833943,0.07200679992092773
bbob-constrained_f045_i03_d05,f045_i03_d05,reject,42,504,3.8590695000020787,3.7293431999278255
bbob-constrained_f045_i03_d05,f045_i03_d05,penalty,42,504,0.08113150000281166,0.00035860019852407277
bbob-constrained_f046_i01_d05,f046_i01_d05,project,42,504,0.17106009999406524,0.10586959979264066
bbob-constrained_f046_i01_d05,f046_i01_d05,reject,42,504,3.6722826000041096,3.5411474998109043
bbob-constrained_f046_i01_d05,f046_i01_d05,penalty,42,504,0.08003589999862015,0.00035890022991225123
bbob-constrained_f046_i02_d05,f046_i02_d05,project,42,504,0.1729373999987729,0.08722489984938875
bbob-constrained_f046_i02_d05,f046_i02_d05,reject,42,504,0.22018360000220127,0.14489539992064238
bbob-constrained_f046_i02_d05,f046_i02_d05,penalty,42,504,0.08021919999737293,0.0003721001266967505
bbob-constrained_f046_i03_d05,f046_i03_d05,project,42,504,0.13158370000019204,0.07023729992215522
bbob-constrained_f046_i03_d05,f046_i03_d05,reject,42,504,0.11697699999785982,0.05439479980850592
bbob-constrained_f046_i03_d05,f046_i03_d05,penalty,42,504,0.07621830000425689,0.0003548001986928284
bbob-constrained_f047_i01_d05,f047_i01_d05,project,42,32,0.008777299997746013,0.004849700053455308
bbob-constrained_f047_i01_d05,f047_i01_d05,reject,42,504,3.617042700003367,3.4921434999268968
bbob-constrained_f047_i01_d05,f047_i01_d05,penalty,42,504,0.07301290000032168,0.0003358999529154971
bbob-constrained_f047_i02_d05,f047_i02_d05,project,42,24,0.005216200006543659,0.0024659001064719632
bbob-constrained_f047_i02_d05,f047_i02_d05,reject,42,504,0.237128799999482,0.16687450012250338
bbob-constrained_f047_i02_d05,f047_i02_d05,penalty,42,504,0.07962679999764077,0.0003640000068116933
bbob-constrained_f047_i03_d05,f047_i03_d05,project,42,24,0.005969300007564016,0.0028195999475428835
bbob-constrained_f047_i03_d05,f047_i03_d05,reject,42,504,3.4151467000046978,3.292893299862044
bbob-constrained_f047_i03_d05,f047_i03_d05,penalty,42,504,0.07812950000516139,0.0003760000836336985
bbob-constrained_f048_i01_d05,f048_i01_d05,project,42,504,0.13181920000351965,0.06773800005612429
bbob-constrained_f048_i01_d05,f048_i01_d05,reject,42,504,0.11762309999903664,0.05127619986888021
bbob-constrained_f048_i01_d05,f048_i01_d05,penalty,42,504,0.08091910000075586,0.00036800012458115816
bbob-constrained_f048_i02_d05,f048_i02_d05,project,42,504,0.148866800009273,0.0845386999862967
bbob-constrained_f048_i02_d05,f048_i02_d05,reject,42,504,3.361507100009476,3.2327985998417716
bbob-constrained_f048_i02_d05,f048_i02_d05,penalty,42,504,0.08194040000671521,0.00036140003066975623
bbob-constrained_f048_i03_d05,f048_i03_d05,project,42,504,0.14026620000367984,0.0735940999147715
bbob-constrained_f048_i03_d05,f048_i03_d05,reject,42,504,0.21920430001046043,0.1438134999043541
bbob-constrained_f048_i03_d05,f048_i03_d05,penalty,42,504,0.08995490000233985,0.0003904000186594203
bbob-constrained_f049_i01_d05,f049_i01_d05,project,42,504,0.11747270000341814,0.057595600228523836
bbob-constrained_f049_i01_d05,f049_i01_d05,reject,42,504,0.08093210001243278,0.02243319975968916
bbob-constrained_f049_i01_d05,f049_i01_d05,penalty,42,504,0.06870699999853969,0.00033780024386942387
bbob-constrained_f049_i02_d05,f049_i02_d05,project,42,504,0.11477339999692049,0.05769759997201618
bbob-constrained_f049_i02_d05,f049_i02_d05,reject,42,504,0.07369710000057239,0.016494000126840547
bbob-constrained_f049_i02_d05,f049_i02_d05,penalty,42,504,0.06765179999638349,0.00033919997804332525
bbob-constrained_f049_i03_d05,f049_i03_d05,project,42,504,0.08929669999633916,0.032356300129322335
bbob-constrained_f049_i03_d05,f049_i03_d05,reject,42,504,0.07744119998824317,0.018667900061700493
bbob-constrained_f049_i03_d05,f049_i03_d05,penalty,42,504,0.07578439998906106,0.0003729000600287691
bbob-constrained_f050_i01_d05,f050_i01_d05,project,42,504,0.11662110000906978,0.05477739992784336
bbob-constrained_f050_i01_d05,f050_i01_d05,reject,42,504,0.08464669999375474,0.025491700129350647
bbob-constrained_f050_i01_d05,f050_i01_d05,penalty,42,504,0.07111119999899529,0.00037070013058837503
bbob-constrained_f050_i02_d05,f050_i02_d05,project,42,504,0.08889659999113064,0.03351250002742745
bbob-constrained_f050_i02_d05,f050_i02_d05,reject,42,504,0.07747809999273159,0.020671599952038378
bbob-constrained_f050_i02_d05,f050_i02_d05,penalty,42,504,0.07017019999329932,0.00035469993599690497
bbob-constrained_f050_i03_d05,f050_i03_d05,project,42,504,0.1500503999995999,0.08992519987805281
bbob-constrained_f050_i03_d05,f050_i03_d05,reject,42,504,0.0857327000121586,0.02601479993609246
bbob-constrained_f050_i03_d05,f050_i03_d05,penalty,42,504,0.07104039999831002,0.0003600000636652112
bbob-constrained_f051_i01_d05,f051_i01_d05,project,42,504,0.14333710000209976,0.08398299997497816
bbob-constrained_f051_i01_d05,f051_i01_d05,reject,42,504,3.4709503000049153,3.348186400064151
bbob-constrained_f051_i01_d05,f051_i01_d05,penalty,42,504,0.08083370000531431,0.00036039976112078875
bbob-constrained_f051_i02_d05,f051_i02_d05,project,42,504,0.13741500000469387,0.06548629983444698
bbob-constrained_f051_i02_d05,f051_i02_d05,reject,42,504,0.1007506000023568,0.03709049988538027
bbob-constrained_f051_i02_d05,f051_i02_d05,penalty,42,504,0.07316619998891838,0.0003545998624758795
bbob-constrained_f051_i03_d05,f051_i03_d05,project,42,504,0.08802239999931771,0.02802429991425015
bbob-constrained_f051_i03_d05,f051_i03_d05,reject,42,504,0.11797690000094008,0.05553130009502638
bbob-constrained_f051_i03_d05,f051_i03_d05,penalty,42,504,0.07605420000618324,0.00036419989191927016
bbob-constrained_f052_i01_d05,f052_i01_d05,project,42,504,0.09067540000251029,0.028327799969702028
bbob-constrained_f052_i01_d05,f052_i01_d05,reject,42,504,0.20914380000613164,0.1415831999765942
bbob-constrained_f052_i01_d05,f052_i01_d05,penalty,42,504,0.08161210000980645,0.0003791998460656032
bbob-constrained_f052_i02_d05,f052_i02_d05,project,42,504,0.13454759999876842,0.06780240010994021
bbob-constrained_f052_i02_d05,f052_i02_d05,reject,42,504,3.581228299997747,3.4538101999351056
bbob-constrained_f052_i02_d05,f052_i02_d05,penalty,42,504,0.07944059999135789,0.00038010001298971474
bbob-constrained_f052_i03_d05,f052_i03_d05,project,42,504,0.12209530000109226,0.06153439998161048
bbob-constrained_f052_i03_d05,f052_i03_d05,reject,42,504,0.106820200002403,0.042519599926890805
bbob-constrained_f052_i03_d05,f052_i03_d05,penalty,42,504,0.07580049999523908,0.0003767999296542257
bbob-constrained_f053_i01_d05,f053_i01_d05,project,42,504,0.1688605999952415,0.10058820013364311
bbob-constrained_f053_i01_d05,f053_i01_d05,reject,42,504,0.37367330001143273,0.297813600016525
bbob-constrained_f053_i01_d05,f053_i01_d05,penalty,42,504,0.07695869999588467,0.00035080022644251585
bbob-constrained_f053_i02_d05,f053_i02_d05,project,42,504,0.12698670000827406,0.06729399984760676
bbob-constrained_f053_i02_d05,f053_i02_d05,reject,42,504,0.08890010000322945,0.028952699634828605
bbob-constrained_f053_i02_d05,f053_i02_d05,penalty,42,504,0.07934029999887571,0.0004190001491224393
bbob-constrained_f053_i03_d05,f053_i03_d05,project,42,504,0.09969659999478608,0.03530480028712191
bbob-constrained_f053_i03_d05,f053_i03_d05,reject,42,504,3.7564706000121078,3.6273729999520583
bbob-constrained_f053_i03_d05,f053_i03_d05,penalty,42,504,0.0862994999915827,0.00037700007669627666
bbob-constrained_f054_i01_d05,f054_i01_d05,project,42,504,0.14762699999846518,0.0738132999103982
bbob-constrained_f054_i01_d05,f054_i01_d05,reject,42,504,3.606827199997497,3.474284899944905
bbob-constrained_f054_i01_d05,f054_i01_d05,penalty,42,504,0.07833980000577867,0.00034709987812675536
bbob-constrained_f054_i02_d05,f054_i02_d05,project,42,504,0.1805612000025576,0.11303220000991132
bbob-constrained_f054_i02_d05,f054_i02_d05,reject,42,504,3.761882799997693,3.627239700057544
bbob-constrained_f054_i02_d05,f054_i02_d05,penalty,42,504,0.13151799999468494,0.0004131000314373523
bbob-constrained_f054_i03_d05,f054_i03_d05,project,42,504,0.10958299999765586,0.03869409997423645
bbob-constrained_f054_i03_d05,f054_i03_d05,reject,42,504,3.8268315000022994,3.6861757001897786
bbob-constrained_f054_i03_d05,f054_i03_d05,penalty,42,504,0.0803023999906145,0.00036219993489794433
